onset	duration	trial_type	value	sample
322.649	1.5	pinch	2	322649
331.71	1.5	fist	1	331710
340.888	1.5	pinch	2	340888
350.182	1.5	pinch	2	350182
359.293	1.5	fist	1	359293
368.47	1.5	fist	1	368470
377.447	1.5	fist	1	377447
386.374	1.5	pinch	2	386374
395.385	1.5	pinch	2	395385
404.462	1.5	fist	1	404462
413.389	1.5	fist	1	413389
422.617	1.5	fist	1	422617
431.627	1.5	fist	1	431627
440.704	1.5	fist	1	440704
449.564	1.5	pinch	2	449564
458.575	1.5	pinch	2	458575
467.869	1.5	fist	1	467869
476.98	1.5	fist	1	476980
486.258	1.5	pinch	2	486258
495.536	1.5	pinch	2	495536
504.663	1.5	pinch	2	504663
513.924	1.5	pinch	2	513924
522.901	1.5	pinch	2	522901
531.878	1.5	pinch	2	531878
541.006	1.5	pinch	2	541006
563.022	1.5	pinch	2	563022
572.283	1.5	pinch	2	572283
581.176	1.5	pinch	2	581176
590.287	1.5	fist	1	590287
599.264	1.5	pinch	2	599264
608.391	1.5	fist	1	608391
617.218	1.5	fist	1	617218
626.145	1.5	fist	1	626145
635.372	1.5	fist	1	635372
644.684	1.5	fist	1	644684
653.928	1.5	fist	1	653928
662.838	1.5	pinch	2	662838
671.765	1.5	pinch	2	671765
681.06	1.5	fist	1	681060
690.271	1.5	fist	1	690271
699.248	1.5	fist	1	699248
708.225	1.5	fist	1	708225
717.269	1.5	pinch	2	717269
726.563	1.5	pinch	2	726563
735.891	1.5	fist	1	735891
745.152	1.5	pinch	2	745152
754.196	1.5	fist	1	754196
763.207	1.5	pinch	2	763207
772.033	1.5	fist	1	772033
780.977	1.5	pinch	2	780977
794.4	1.5	fist	1	794400
803.494	1.5	pinch	2	803494
812.438	1.5	fist	1	812438
821.532	1.5	pinch	2	821532
830.793	1.5	fist	1	830793
839.67	1.5	fist	1	839670
848.931	1.5	pinch	2	848931
858.309	1.5	pinch	2	858309
867.62	1.5	fist	1	867620
876.547	1.5	pinch	2	876547
885.808	1.5	fist	1	885808
894.869	1.5	fist	1	894869
903.996	1.5	fist	1	903996
913.207	1.5	pinch	2	913207
922.184	1.5	fist	1	922184
931.262	1.5	pinch	2	931262
940.473	1.5	fist	1	940473
949.617	1.5	pinch	2	949617
958.728	1.5	pinch	2	958728
967.704	1.5	pinch	2	967704
976.915	1.5	pinch	2	976915
985.876	1.5	fist	1	985876
994.92	1.5	fist	1	994920
1004.131	1.5	fist	1	1004131
1013.024	1.5	pinch	2	1013024
1040.105	1.5	pinch	2	1040105
1049.183	1.5	fist	1	1049183
1058.042	1.5	fist	1	1058042
1067.354	1.5	pinch	2	1067354
1076.548	1.5	pinch	2	1076548
1085.692	1.5	pinch	2	1085692
1094.853	1.5	fist	1	1094853
1104.047	1.5	fist	1	1104047
1113.192	1.5	fist	1	1113192
1122.135	1.5	fist	1	1122135
1131.229	1.5	pinch	2	1131229
1140.206	1.5	fist	1	1140206
1149.166	1.5	fist	1	1149166
1158.461	1.5	pinch	2	1158461
1167.638	1.5	fist	1	1167638
1176.783	1.5	fist	1	1176783
1186.111	1.5	fist	1	1186111
1195.071	1.5	fist	1	1195071
1204.282	1.5	pinch	2	1204282
1213.392	1.5	pinch	2	1213392
1222.386	1.5	fist	1	1222386
1231.414	1.5	pinch	2	1231414
1240.256	1.5	fist	1	1240256
1249.451	1.5	fist	1	1249451
1258.378	1.5	fist	1	1258378
1278.187	1.5	pinch	2	1278187
1287.198	1.5	pinch	2	1287198
1296.258	1.5	fist	1	1296258
1305.252	1.5	fist	1	1305252
1314.463	1.5	pinch	2	1314463
1323.657	1.5	pinch	2	1323657
1332.835	1.5	pinch	2	1332835
1341.795	1.5	pinch	2	1341795
1351.073	1.5	fist	1	1351073
1360.184	1.5	fist	1	1360184
1369.077	1.5	fist	1	1369077
1378.154	1.5	fist	1	1378154
1387.031	1.5	fist	1	1387031
1396.376	1.5	pinch	2	1396376
1405.286	1.5	pinch	2	1405286
1414.296	1.5	pinch	2	1414296
1423.591	1.5	pinch	2	1423591
1432.501	1.5	pinch	2	1432501
1441.829	1.5	pinch	2	1441829
1450.756	1.5	fist	1	1450756
1460.084	1.5	fist	1	1460084
1469.362	1.5	fist	1	1469362
1478.606	1.5	pinch	2	1478606
1487.834	1.5	pinch	2	1487834
1497.062	1.5	fist	1	1497062
1539.005	1.5	pinch	2	1539005
1548.366	1.5	fist	1	1548366
1557.477	1.5	fist	1	1557477
1566.838	1.5	pinch	2	1566838
1575.631	1.5	pinch	2	1575631
1584.491	1.5	fist	1	1584491
1593.736	1.5	pinch	2	1593736
1602.997	1.5	pinch	2	1602997
1612.258	1.5	fist	1	1612258
1621.419	1.5	fist	1	1621419
1630.646	1.5	pinch	2	1630646
1639.54	1.5	pinch	2	1639540
1648.818	1.5	pinch	2	1648818
1657.895	1.5	pinch	2	1657895
1667.173	1.5	pinch	2	1667173
